accountId,symbol,quantity,price,netCashWithBillable,date_and_time,commission
DU5852420,AMZN,80,216.8,-17345.00384,2024-12-04;093052,-1.00384
DU5852420,AMZN,-20,218.04,4359.67449,2024-12-04;100035,-1.12551024
DU5852420,AMZN,-20,219.1,4380.8739,2024-12-04;100413,-1.1260996
DU5852420,AMZN,-10,222.19,2220.836091,2024-12-06;094121,-1.06390882
DU5852420,AMZN,-5,223.35,1115.717764,2024-12-06;094552,-1.03223565
DU5852420,AMZN,-5,224.43,1121.117614,2024-12-06;105902,-1.03238577
DU5852420,AMZN,-10,221.46,2214.6,2024-12-05;151843,0
DU5852420,AMZN,-5,229.11,1144.517084,2024-12-09;093205,-1.03291629
DU5852420,AMZN,-5,225.41,1126.017598,2024-12-10;115221,-1.03240199
DU5852420,MSTR,40,382.39,-15296.60288,2024-12-04;093334,-1.00288
DU5852420,MSTR,-40,379.16,15164.96981,2024-12-04;093334,-1.43018592
DU5852420,TMDX,100,73.45,-7346.0048,2024-12-04;093615,-1.0048
DU5852420,TMDX,-100,72.39,7237.774956,2024-12-04;093615,-1.2250442
DU5852420,VRT,-100,130.77,13075.61506,2024-12-04;095737,-1.3849406
DU5852420,VRT,100,131.96,-13197.0048,2024-12-04;100421,-1.0048
DU5852420,VRT,80,132.72,-10618.60384,2024-12-04;100944,-1.00384
DU5852420,VRT,-80,131.4,10510.69065,2024-12-04;100944,-1.3093536
DU5852420,TMDX,100,71.68,-7169.0048,2024-12-04;101004,-1.0048
DU5852420,TMDX,100,71.61,-7162.0048,2024-12-04;101009,-1.0048
DU5852420,TMDX,-100,70.98,7098,2024-12-04;101019,0
DU5852420,TMDX,-100,70.6,7060,2024-12-04;101019,0
DU5852420,MSTR,20,395.79,-7916.80144,2024-12-05;105913,-1.00144
DU5852420,MSTR,-10,400,4000,2024-12-05;121156,-1.11188328
DU5852420,MSTR,-10,396,3960,2024-12-05;121521,0
DU5852420,NVDA,100,144.5,-14451.0048,2024-12-06;093127,-1.0048
DU5852420,NVDA,150,144.5,-21675.2572,2024-12-06;093127,-0.2572
DU5852420,NVDA,-150,144.6,21688.36492,2024-12-06;093559,-1.635082
DU5852420,NVDA,-100,144.6,14459.32661,2024-12-06;093559,-0.673388
DU5852420,MSTR,-20,390.22,7803.178278,2024-12-06;093459,-1.22172232
DU5852420,MSTR,20,390,-7801.00144,2024-12-06;093742,-1.00144
DU5852420,MRVL,130,112.73,-14655.90624,2024-12-06;094459,-1.00624
DU5852420,MRVL,-50,113.65,5681.331327,2024-12-06;100658,-1.1686735
DU5852420,MRVL,-30,113.73,3410.798009,2024-12-06;102813,-1.10199082
DU5852420,MRVL,-50,112.84,5640.831252,2024-12-06;103630,-1.1687476
DU5852420,MSTR,20,394.35,-7887,2024-12-06;094932,0
DU5852420,MSTR,-20,390.25,7803.778261,2024-12-06;094932,-1.221739
DU5852420,CRDO,120,72.42,-8691.40576,2024-12-06;095451,-1.00576
DU5852420,CRDO,-40,73.78,2950.109397,2024-12-06;105423,-1.09060336
DU5852420,CRDO,-80,72.33,5785.222018,2024-12-06;121411,-1.17798192
DU5852420,MSTR,35,393.97,-13789.95252,2024-12-06;104100,-1.00252
DU5852420,MSTR,-35,391.05,13686.75,2024-12-06;104100,0
DU5852420,MSTR,-23,390.56,8981.625354,2024-12-06;105143,-1.254646064
DU5852420,MSTR,23,392.09,-9019.071104,2024-12-06;105332,-1.001104
DU5852420,PLTR,-100,79.84,7982.756645,2024-12-09;093015,-1.2433552
DU5852420,PLTR,20,78.37,-1568.40096,2024-12-09;094526,-1.00096
DU5852420,PLTR,20,78.25,-1566.00096,2024-12-09;101027,-1.00096
DU5852420,PLTR,10,77.07,-771.70048,2024-12-09;102240,-1.00048
DU5852420,PLTR,40,76.34,-3054.60192,2024-12-09;094746,-1.00192
DU5852420,PLTR,5,76.32,-382.60024,2024-12-09;103112,-1.00024
DU5852420,PLTR,5,72.29,-362.45024,2024-12-09;110731,-1.00024
DU5852420,COIN,45,333,-14986.00216,2024-12-09;093959,-1.00216
DU5852420,COIN,-45,330.6,14875.57679,2024-12-09;100603,-1.4232106
DU5852420,RKLB,100,23.01,-2302.0048,2024-12-09;094956,-1.0048
DU5852420,RKLB,40,23.01,-920.40192,2024-12-09;094956,-0.00192
DU5852420,RKLB,-100,22.46,2244.916161,2024-12-09;101915,-1.0838388
DU5852420,RKLB,-40,22.46,898.3664645,2024-12-09;101915,-0.03353552
DU5852420,AAOI,60,38.5,-2310,2024-12-09;095246,0
DU5852420,AAOI,-60,38.62,2316.122742,2024-12-09;100106,-1.07725816
DU5852420,MSTR,23,377.49,-8683.271656,2024-12-09;105748,-1.001656
DU5852420,MSTR,-23,378.22,8697.813244,2024-12-09;113713,-1.246755868
DU5852420,TSLA,40,399.88,-15996.20288,2024-12-10;094353,-1.00288
DU5852420,TSLA,-40,400.54,16020.14604,2024-12-10;095030,-1.45396048
DU5852420,MSTR,25,363.51,-9088.7512,2024-12-10;105531,-1.0012
DU5852420,MSTR,-25,359.22,8979.244992,2024-12-10;105531,-1.2550079
DU5852420,MSTR,25,362.3,-9058.5018,2024-12-10;110219,-1.0018
DU5852420,MSTR,-25,362.2,9053.742921,2024-12-10;110652,-1.257079
DU5852420,NVDA,100,137.58,-13759.0048,2024-12-10;111204,-1.0048
DU5852420,NVDA,80,137.58,-11006.40384,2024-12-10;111204,-0.00384
DU5852420,NVDA,-100,137.85,13783.59538,2024-12-10;112109,-1.404623
DU5852420,NVDA,-80,137.64,11011.2,2024-12-10;112205,0
DU5852420,NVDA,100,137.16,-13717.0048,2024-12-10;112937,-1.0048
DU5852420,NVDA,100,137.16,-13716.0048,2024-12-10;112937,-0.0048
DU5852420,NVDA,100,137.16,-13716.5048,2024-12-10;112937,-0.5048
DU5852420,NVDA,100,137.13,-13714.0048,2024-12-10;113015,-1.0048
DU5852420,NVDA,-301,136.87,41195.15529,2024-12-10;113023,-2.714714786
DU5852420,NVDA,-99,136.87,13549.23712,2024-12-10;113023,-0.892879614
DU5852420,MSTR,25,392.18,-9805.5012,2024-12-11;093409,-1.0012
DU5852420,MSTR,-25,392.35,9807.471367,2024-12-11;093624,-1.27863325
DU5852420,NVDA,200,135.76,-27153.0144,2024-12-11;094041,-1.0144
DU5852420,NVDA,50,135.76,-6788.2524,2024-12-11;094041,-0.2524
DU5852420,NVDA,-50,135.45,6771.301025,2024-12-11;094227,-1.1989755
DU5852420,NVDA,-100,135.45,13544.60205,2024-12-11;094227,-0.397951
DU5852420,NVDA,-100,135.46,13545.35202,2024-12-11;094227,-0.6479788
DU5852420,MSTR,40,389.33,-15574.20288,2024-12-11;094347,-1.00288
DU5852420,MSTR,-20,394.75,7893.776239,2024-12-11;094602,-1.223761
DU5852420,MSTR,-5,396,1978.943886,2024-12-11;095121,-1.056114
DU5852420,MSTR,-15,395.34,5928.931933,2024-12-11;100347,-1.16806678
DU5852420,NVDA,100,136.3,-13631.0048,2024-12-11;103002,-1.0048
DU5852420,NVDA,300,136.3,-40891.0144,2024-12-11;103002,-1.0144
DU5852420,NVDA,-400,136.42,54564.38781,2024-12-11;103543,-3.6121904
DU5852420,NVDA,-600,135.9,81534.60479,2024-12-11;105414,-5.395212
DU5852420,NVDA,100,135.62,-13562,2024-12-11;105722,0
DU5852420,NVDA,100,135.62,-13562,2024-12-11;105722,0
DU5852420,NVDA,100,135.62,-13562,2024-12-11;105722,0
DU5852420,NVDA,200,135.85,-27171.0096,2024-12-11;105922,-1.0096
DU5852420,NVDA,100,135.85,-13585.5048,2024-12-11;105922,-0.5048
DU5852420,NVDA,280,136.45,-38207.41344,2024-12-12;093439,-1.41344
DU5852420,NVDA,-280,136.1,38105.48068,2024-12-12;093439,-2.5193224
DU5852420,MSTR,40,406.77,-16271.80288,2024-12-12;093943,-1.00288
DU5852420,MSTR,-40,404,16158.54123,2024-12-12;093943,-1.458768
DU5852420,MSTR,30,404.85,-12146.50216,2024-12-12;094144,-1.00216
DU5852420,MSTR,-15,407.57,6112.376833,2024-12-12;094708,-1.17316669
DU5852420,MSTR,-15,405.25,6077.577441,2024-12-12;094714,-1.17255925
DU5852420,MSTR,35,408.27,-14290.45168,2024-12-12;104622,-1.00168
DU5852420,MSTR,-35,405.23,14181.64822,2024-12-12;104622,-1.40177879
DU5852420,MSTR,50,403.47,-20174.5024,2024-12-12;113253,-1.0024
DU5852420,MSTR,-50,401.01,20048.9307,2024-12-12;113253,-1.5693039
DU5852420,MSTR,50,400.99,-20050.5024,2024-12-12;113721,-1.0024
DU5852420,MSTR,10,400.99,-4010.90048,2024-12-12;113727,-1.00048
DU5852420,MSTR,-60,401.65,24097.31721,2024-12-12;115239,-1.6827922
DU5852420,MSTR,60,400.82,-24050.20288,2024-12-12;115729,-1.00288
DU5852420,MSTR,-60,398.96,23935.92169,2024-12-12;115729,-1.67830528
DU5852420,PLTR,-100,73.24,7322.774993,2024-12-12;115838,-1.2250072
DU5852420,PLTR,-100,73.24,7323.774993,2024-12-12;115838,-0.2250072
DU5852420,PLTR,100,73.22,-7323.0048,2024-12-12;120047,-1.0048
DU5852420,PLTR,100,73.22,-7322.0048,2024-12-12;120047,-0.0048
DU5852420,MSTR,50,401,-20051.0024,2024-12-12;122130,-1.0024
DU5852420,MSTR,-50,399,19948.43349,2024-12-12;122130,-1.56651
DU5852420,MSTR,-30,398.93,11966.56087,2024-12-12;122339,-1.33912762
DU5852420,MSTR,30,399.71,-11992.30144,2024-12-12;122637,-1.00144
DU5852420,NVDA,100,138.38,-13839.0048,2024-12-13;093516,-1.0048
DU5852420,NVDA,50,138.38,-6919.0024,2024-12-13;093516,-0.0024
DU5852420,NVDA,-150,138.45,20765.89056,2024-12-13;093706,-1.6094365
DU5852420,TSLA,80,421.5,-33721.00384,2024-12-13;094427,-1.00384
DU5852420,TSLA,-40,423.17,16925.32087,2024-12-13;094818,-1.47912504
DU5852420,TSLA,-40,421.62,16863.3226,2024-12-13;094859,-1.47740144
DU5852420,NVDA,200,136.75,-27351.0096,2024-12-13;103048,-1.0096
DU5852420,NVDA,-100,136.42,13640.59935,2024-12-13;103048,-1.4006476
DU5852420,NVDA,-100,136.42,13641.59935,2024-12-13;103048,-0.4006476
DU5852420,NVDA,400,136.57,-54630.0192,2024-12-13;103504,-2.0192
DU5852420,NVDA,-400,136.28,54508.39897,2024-12-13;103504,-3.6010336
DU5852420,NVDA,100,136.13,-13614.0048,2024-12-13;103814,-1.0048
DU5852420,NVDA,200,136.13,-27226.5096,2024-12-13;103814,-0.5096
DU5852420,NVDA,-200,135.88,27174.20171,2024-12-13;103814,-1.7982928
DU5852420,NVDA,-100,135.88,13587.10085,2024-12-13;103814,-0.8991464
DU5852420,NVDA,-100,135.94,13592.60069,2024-12-13;104040,-1.3993132
DU5852420,NVDA,-100,135.94,13593.60069,2024-12-13;104040,-0.3993132
DU5852420,NVDA,-100,135.94,13593.10069,2024-12-13;104040,-0.8993132
DU5852420,NVDA,100,135.17,-13518.0048,2024-12-13;104350,-1.0048
DU5852420,NVDA,100,134.5,-13451.0048,2024-12-13;105729,-1.0048
DU5852420,NVDA,50,134.09,-6705.5024,2024-12-13;110400,-1.0024
DU5852420,NVDA,50,133.22,-6661,2024-12-13;110028,0
DU5852420,TSLA,-40,427,17078.51662,2024-12-13;104152,-1.483384
DU5852420,TSLA,20,425.66,-8514.20096,2024-12-13;105434,-1.00096
DU5852420,TSLA,20,424.11,-8483.20096,2024-12-13;110408,-1.00096
DU5852420,NVDA,-100,133.32,13330.60797,2024-12-13;122529,-1.3920296
DU5852420,NVDA,-65,133.32,8665.545181,2024-12-13;122529,-0.25481924
DU5852420,NVDA,-200,133.32,26662.39094,2024-12-13;122529,-1.6090592
DU5852420,NVDA,-35,133.32,4665.88779,2024-12-13;122529,-0.31221036
DU5852420,NVDA,277,133.3,-36925.4983,2024-12-13;124018,-1.398296
DU5852420,NVDA,100,133.3,-13330.5048,2024-12-13;124018,-0.5048
DU5852420,NVDA,23,133.3,-3066.016104,2024-12-13;124018,-0.116104
DU5852420,AMD,-50,124.41,6219.31517,2024-12-16;093242,-1.1848299
DU5852420,AMD,50,124.06,-6204.0024,2024-12-16;093435,-1.0024
DU5852420,AFRM,50,71.79,-3590.5036,2024-12-16;093606,-1.0036
DU5852420,AFRM,-50,70.05,3501.390731,2024-12-16;094652,-1.1092695
DU5852420,COIN,20,322.77,-6456.40144,2024-12-16;093643,-1.00144
DU5852420,COIN,20,323.08,-6462.60096,2024-12-16;093704,-1.00096
DU5852420,COIN,-40,319.5,12778.6352,2024-12-16;093710,-1.364804
DU5852420,NVDA,100,131.69,-13170.0048,2024-12-16;094028,-1.0048
DU5852420,NVDA,-100,131.86,13184.61203,2024-12-16;095758,-1.3879708
DU5852420,TSLA,100,437.61,-43762.0048,2024-12-16;095918,-1.0048
DU5852420,TSLA,-50,439.55,21975.87713,2024-12-16;100125,-1.6228745
DU5852420,TSLA,-20,439.61,8792.2,2024-12-16;100142,0
DU5852420,TSLA,-20,444,8878.748856,2024-12-16;100306,-1.251144
DU5852420,TSLA,-5,473.34,2365.633016,2024-12-17;093029,-1.06698426
DU5852420,TSLA,-5,464.61,2323.05,2024-12-17;093038,0
DU5852420,PLTR,100,72.16,-7217.0072,2024-12-16;100932,-1.0072
DU5852420,PLTR,100,72.17,-7217.0048,2024-12-16;100932,-0.0048
DU5852420,PLTR,100,72.14,-7215.0048,2024-12-16;100935,-1.0048
DU5852420,PLTR,-100,72.11,7209.778134,2024-12-16;101015,-1.2218658
DU5852420,PLTR,-200,71.83,14366,2024-12-16;101153,0
DU5852420,MSTR,50,429,-21451.0024,2024-12-16;102335,-1.0024
DU5852420,MSTR,-50,426.39,21317.89662,2024-12-16;102335,-1.6033821
DU5852420,PLTR,100,71.58,-7159.0072,2024-12-16;102304,-1.0072
DU5852420,PLTR,-60,74.88,4491.66226,2024-12-16;110701,-1.13773984
DU5852420,PLTR,-15,73.55,1102.21576,2024-12-17;093050,-1.03424035
DU5852420,PLTR,-25,72.48,1812,2024-12-17;093058,0
DU5852420,COIN,30,322.21,-9667.30216,2024-12-17;093119,-1.00216
DU5852420,COIN,-30,318.85,9565.5,2024-12-17;093119,0
DU5852420,MSTR,35,401.55,-14055.25168,2024-12-17;094253,-1.00168
DU5852420,MSTR,-35,398.81,13956.95447,2024-12-17;094253,-1.39553213
DU5852420,TSLA,-50,473.85,23690.82945,2024-12-17;111704,-1.6705515
DU5852420,TSLA,50,473.69,-23685.5024,2024-12-17;112024,-1.0024
DU5852420,MSTR,40,378.65,-15147.00192,2024-12-18;094348,-1.00192
DU5852420,MSTR,-40,377.57,15101.37158,2024-12-18;095128,-1.42841784
DU5852420,HOOD,200,40.15,-8031.0144,2024-12-18;095946,-1.0144
DU5852420,HOOD,200,40.15,-8031.0144,2024-12-18;095946,-1.0144
DU5852420,HOOD,-200,40.18,8034.733799,2024-12-18;101725,-1.2662008
DU5852420,HOOD,-100,40.18,4017.3669,2024-12-18;101725,-0.6331004
DU5852420,HOOD,-100,40.18,4017.3669,2024-12-18;101725,-0.6331004
DU5852420,TSLA,30,475.38,-14262.40144,2024-12-18;101529,-1.00144
DU5852420,TSLA,-30,475.4,14260.5971,2024-12-18;105614,-1.4029036
DU5852420,MSTR,40,375.33,-15014.20192,2024-12-18;103057,-1.00192
DU5852420,MSTR,-20,383.51,7668.982488,2024-12-18;103126,-1.21751156
DU5852420,MSTR,-10,387.33,3872.189942,2024-12-18;114828,-1.11005774
DU5852420,MSTR,-10,376.03,3759.193324,2024-12-18;120756,-1.10667634
DU5852420,TSLA,50,450.43,-22522.5024,2024-12-19;093446,-1.0024
DU5852420,TSLA,-50,447.7,22383.367,2024-12-19;093446,-1.633003
DU5852420,TSLA,-30,447.53,13424.52034,2024-12-19;093548,-1.37966002
DU5852420,TSLA,30,447.24,-13417.2,2024-12-19;093744,0
DU5852420,TSLA,-20,447.53,8949.346893,2024-12-19;094352,-1.25310668
DU5852420,TSLA,20,448.85,-8977,2024-12-19;094650,0
DU5852420,MSTR,30,347.19,-10415.7,2024-12-19;100950,0
DU5852420,MSTR,-30,347.01,10409.00417,2024-12-19;100630,-1.29582634
DU5852420,HOOD,100,37.65,-3766.0048,2024-12-19;101330,-1.0048
DU5852420,HOOD,100,37.65,-3765.0048,2024-12-19;101330,-0.0048
DU5852420,HOOD,37,37.65,-1393.236776,2024-12-19;101330,-0.186776
DU5852420,HOOD,100,37.65,-3765.5048,2024-12-19;101330,-0.5048
DU5852420,HOOD,100,37.65,-3765.5048,2024-12-19;101330,-0.5048
DU5852420,HOOD,63,37.65,-2372.268024,2024-12-19;101330,-0.318024
DU5852420,HOOD,200,37.7,-7541.0096,2024-12-19;101404,-1.0096
DU5852420,HOOD,50,37.7,-1885.2524,2024-12-19;101404,-0.2524
DU5852420,HOOD,-100,37.78,3776.871172,2024-12-19;101458,-1.1288284
DU5852420,HOOD,-100,37.77,3776.873599,2024-12-19;101458,-0.1264006
DU5852420,HOOD,-50,37.77,1888.1868,2024-12-19;101458,-0.3132003
DU5852420,HOOD,-100,37.46,3746,2024-12-19;101509,0
DU5852420,HOOD,-100,37.46,3746,2024-12-19;101509,0
DU5852420,HOOD,-200,37.46,7492,2024-12-19;101509,0
DU5852420,HOOD,-100,37.46,3746,2024-12-19;101509,0
DU5852420,NVDA,200,130.58,-26117.0096,2024-12-20;101023,-1.0096
DU5852420,NVDA,100,130.57,-13057.5048,2024-12-20;101023,-0.5048
DU5852420,NVDA,-100,130.2,13018.61424,2024-12-20;101023,-1.385756
DU5852420,NVDA,-100,130.2,13019.61664,2024-12-20;101023,-0.383356
DU5852420,NVDA,-100,130.2,13019.11664,2024-12-20;101023,-0.883356
DU5852420,NVDA,200,130.7,-26141.0096,2024-12-20;101152,-1.0096
DU5852420,NVDA,-150,132.3,19843.41621,2024-12-20;101337,-1.583791
DU5852420,NVDA,-25,133.02,3324.402201,2024-12-20;103812,-1.0977989
DU5852420,NVDA,-15,136.41,2046.15,2024-12-23;093042,0
DU5852420,NVDA,-5,139.51,696.5295381,2024-12-23;141919,-1.02046189
DU5852420,NVDA,-5,139.19,694.9295826,2024-12-23;155425,-1.02041741
DU5852420,PLTR,100,81.38,-8138,2024-12-23;093200,0
DU5852420,PLTR,-100,80.5,8050,2024-12-23;093200,0
DU5852420,TSLA,20,419,-8381.00096,2024-12-23;100716,-1.00096
DU5852420,TSLA,-35,426.27,14918.02775,2024-12-23;100155,-1.42225071
DU5852420,TSLA,-5,421.52,2106.540219,2024-12-23;101552,-1.05978128
DU5852420,TSLA,10,421.59,-4216.90048,2024-12-23;101601,-1.00048
DU5852420,TSLA,10,422.29,-4223.90048,2024-12-23;101617,-1.00048
DU5852420,TSLA,-80,424.26,33938.83933,2024-12-23;103057,-1.96067424
DU5852420,TSLA,80,425.12,-34010.60384,2024-12-23;103209,-1.00384
DU5852420,TSLA,70,425.67,-29797.90336,2024-12-23;103219,-1.00336
DU5852420,TSLA,-70,425.76,29801.35481,2024-12-23;103441,-1.84518896
DU5852420,SNOW,100,161.93,-16194.0048,2024-12-23;103810,-1.0048
DU5852420,SNOW,50,161.93,-8096.5024,2024-12-23;103810,-0.0024
DU5852420,SNOW,-100,161.12,16110.53069,2024-12-23;103810,-1.4693136
DU5852420,SNOW,-50,161.12,8055.765343,2024-12-23;103810,-0.2346568
DU5852420,TSLA,50,430.2,-21511.0024,2024-12-23;122201,-1.0024
DU5852420,TSLA,-50,429.55,21477.5,2024-12-23;123655,0
DU5852420,MSTR,40,351.09,-14044.60192,2024-12-23;122721,-1.00192
DU5852420,MSTR,-40,348.56,13941.00384,2024-12-23;122721,-1.39615872
DU5852420,TSLA,100,433.64,-43365.0048,2024-12-23;142353,-1.0048
DU5852420,TSLA,-100,432.61,43258.77594,2024-12-23;142353,-2.2240558
DU5852420,NVDA,-100,151.44,15142.5589,2025-01-07;093227,-1.4411032
DU5852420,NVDA,-100,151.45,15144.55887,2025-01-07;093227,-0.441131
DU5852420,NVDA,100,148.6,-14861.0035,2025-01-07;093334,-1.0035
DU5852420,NVDA,50,149.9,-7496.00175,2025-01-07;094635,-1.00175
DU5852420,NVDA,25,148,-3701.000875,2025-01-07;095444,-1.000875
DU5852420,NVDA,25,145.15,-3629.750875,2025-01-07;095732,-1.000875
DU5852420,TSLA,100,395,-39501.0035,2025-01-07;130006,-1.0035
DU5852420,TSLA,-50,398,19898.43673,2025-01-07;130052,-1.56327
DU5852420,TSLA,-50,395.27,19761.94052,2025-01-07;132525,-1.5594753
DU5852420,NVDA,100,143.04,-14304,2025-01-08;095924,0
DU5852420,NVDA,100,143.04,-14304,2025-01-08;095924,0
DU5852420,NVDA,-100,142.5,14248.58375,2025-01-08;095924,-1.41625
DU5852420,NVDA,-100,142.5,14249.58375,2025-01-08;095924,-0.41625
DU5852420,COIN,90,258,-23220,2025-01-08;102806,0
DU5852420,COIN,-90,256.75,23105.83853,2025-01-08;102806,-1.6614685
DU5852420,NVDA,100,140.5,-14051.0035,2025-01-08;112547,-1.0035
DU5852420,NVDA,50,140.5,-7025.00175,2025-01-08;112547,-0.00175
DU5852420,NVDA,-150,139.8,20970,2025-01-08;112547,0
DU5852420,APP,100,313,-31301.0035,2025-01-13;133013,-1.0035
DU5852420,APP,-100,312.02,31202,2025-01-13;133052,0
DU5852420,QQQ,500,504.31,-252157.5175,2025-01-13;140014,-2.5175
DU5852420,QQQ,-200,504.07,100810.1572,2025-01-13;140014,-3.8428292
DU5852420,QQQ,-100,504.07,50405.07859,2025-01-13;140014,-1.9214146
DU5852420,QQQ,-70,504.07,35283.55501,2025-01-13;140014,-1.34499022
DU5852420,QQQ,-100,504.07,50405.07859,2025-01-13;140014,-1.9214146
DU5852420,QQQ,-30,504.07,15121.52358,2025-01-13;140014,-0.57642438
DU5852420,RDDT,100,161.41,-16142.0035,2025-01-13;142941,-1.0035
DU5852420,RDDT,80,161.56,-12924.8028,2025-01-13;142941,-0.0028
DU5852420,RDDT,100,161.41,-16141.4046,2025-01-13;142941,-0.4046
DU5852420,RDDT,-200,162.71,32540.05513,2025-01-13;144716,-1.9448676
DU5852420,RDDT,-80,161.82,12944.22403,2025-01-13;145306,-1.37596768
DU5852420,NVDA,200,133.33,-26667.007,2025-01-14;102627,-1.007
DU5852420,NVDA,100,133.33,-13333.5035,2025-01-14;102627,-0.5035
DU5852420,NVDA,100,133.33,-13333.5035,2025-01-14;102627,-0.5035
DU5852420,NVDA,-100,132.99,13299,2025-01-14;102627,0
DU5852420,NVDA,-100,132.99,13299,2025-01-14;102627,0
DU5852420,NVDA,-200,132.99,26598,2025-01-14;102627,0
DU5852420,TSLA,-100,407.27,40724.84769,2025-01-14;110027,-2.1523106
DU5852420,TSLA,100,407.09,-40710.0035,2025-01-14;110647,-1.0035
DU5852420,TSLA,100,408.74,-40875.0035,2025-01-14;112458,-1.0035
DU5852420,TSLA,-100,407.44,40741.84612,2025-01-14;112458,-2.1538832
DU5852420,TSLA,100,408.75,-40876.0046,2025-01-14;113023,-1.0046
DU5852420,TSLA,-100,407.42,40739.84727,2025-01-14;113023,-2.1527276
DU5852420,TSLA,20,407.53,-8151.6007,2025-01-14;113902,-1.0007
DU5852420,TSLA,100,407.54,-40754.0046,2025-01-14;113902,-0.0046
DU5852420,TSLA,-100,406.83,40680.84891,2025-01-14;113902,-2.1510874
DU5852420,TSLA,-20,406.83,8136.369783,2025-01-14;113902,-0.23021748
DU5852420,TSLA,100,407.01,-40702.0046,2025-01-14;114127,-1.0046
DU5852420,TSLA,20,407.01,-8140.2007,2025-01-14;114127,-0.0007
DU5852420,TSLA,-120,406.07,48726.02123,2025-01-14;114127,-2.37876952
DU5852420,NVDA,100,133.59,-13360.0035,2025-01-15;100000,-1.0035
DU5852420,NVDA,100,133.59,-13359.0035,2025-01-15;100000,-0.0035
DU5852420,NVDA,150,133.63,-20045.2569,2025-01-15;100000,-0.7569
DU5852420,NVDA,-100,135.41,13539.60346,2025-01-15;100259,-1.3965398
DU5852420,NVDA,-100,135.41,13540.60346,2025-01-15;100259,-0.3965398
DU5852420,NVDA,-150,134.3,20143.40982,2025-01-15;110733,-1.590181
DU5852420,TSLA,100,417.44,-41745.0035,2025-01-15;120008,-1.0035
DU5852420,TSLA,-100,417.38,41735.81958,2025-01-15;125331,-2.1804164
DU5852420,NVDA,100,135.61,-13562.0035,2025-01-15;140114,-1.0035
DU5852420,NVDA,200,135.61,-27122.507,2025-01-15;140114,-0.507
DU5852420,NVDA,200,135.61,-27123.007,2025-01-15;140114,-1.007
DU5852420,NVDA,-100,135.34,13532.60365,2025-01-15;140114,-1.3963452
DU5852420,NVDA,-200,135.34,27066.70731,2025-01-15;140114,-1.2926904
DU5852420,NVDA,-200,135.34,27066.20731,2025-01-15;140114,-1.7926904
DU5852420,QQQ,300,516.19,-154858.5105,2025-01-16;103111,-1.5105
DU5852420,QQQ,-200,515.86,103168.0916,2025-01-16;103111,-3.9083816
DU5852420,QQQ,-100,515.86,51584.04581,2025-01-16;103111,-1.9541908
DU5852420,QQQ,300,516.46,-154939.5105,2025-01-16;103218,-1.5105
DU5852420,QQQ,-100,515.98,51598,2025-01-16;103218,0
DU5852420,QQQ,-100,515.98,51598,2025-01-16;103218,0
DU5852420,QQQ,-100,515.98,51598,2025-01-16;103218,0
DU5852420,MSTR,80,357.21,-28577.80368,2025-01-16;105732,-1.00368
DU5852420,MSTR,-80,357.5,28600,2025-01-16;111244,0
DU5852420,NVDA,100,135.1,-13511.0035,2025-01-16;115921,-1.0035
DU5852420,NVDA,300,135.12,-40537.0105,2025-01-16;115921,-1.0105
DU5852420,NVDA,100,135.12,-13512.5046,2025-01-16;115921,-0.5046
DU5852420,NVDA,-200,134.8,26958.21031,2025-01-16;115921,-1.789688
DU5852420,NVDA,-300,134.8,40437.31547,2025-01-16;115921,-2.684532
DU5852420,QQQ,-100,515.83,51580.54589,2025-01-16;132824,-2.4541074
DU5852420,QQQ,-100,515.83,51581.54589,2025-01-16;132824,-1.4541074
DU5852420,QQQ,-100,515.83,51581.04589,2025-01-16;132824,-1.9541074
DU5852420,QQQ,-100,515.84,51582.04586,2025-01-16;132824,-1.9541352
DU5852420,QQQ,-30,515.83,15474.31377,2025-01-16;132824,-0.58623222
DU5852420,QQQ,-70,515.83,36106.73212,2025-01-16;132824,-1.36787518
DU5852420,QQQ,100,515.15,-51516.0035,2025-01-16;133008,-1.0035
DU5852420,QQQ,200,515.15,-103030.507,2025-01-16;133008,-0.507
DU5852420,QQQ,100,514.88,-51488,2025-01-16;133052,0
DU5852420,QQQ,100,515.53,-51554.0035,2025-01-16;133113,-1.0035
DU5852420,TSLA,70,410.73,-28752.10245,2025-01-16;140321,-1.00245
DU5852420,TSLA,-35,415.22,14531.28896,2025-01-16;140455,-1.41104406
DU5852420,TSLA,-35,414.62,14510.28954,2025-01-16;155111,-1.41046026
DU5852420,MSTR,50,390.79,-19540.50175,2025-01-17;100029,-1.00175
DU5852420,MSTR,-50,388.27,19411.95025,2025-01-17;100029,-1.5497453
DU5852420,QQQ,200,519.3,-103861.007,2025-01-17;102716,-1.007
DU5852420,QQQ,250,519.31,-129828.7588,2025-01-17;102716,-1.25875
DU5852420,QQQ,-100,518.93,51890.53727,2025-01-17;102716,-2.4627254
DU5852420,QQQ,-100,518.93,51891.53727,2025-01-17;102716,-1.4627254
DU5852420,QQQ,-50,518.93,25945.51864,2025-01-17;102716,-0.9813627
DU5852420,QQQ,-200,518.93,103782.0745,2025-01-17;102716,-3.9254508
DU5852420,QQQ,200,519.75,-103951.007,2025-01-17;102850,-1.007
DU5852420,QQQ,-100,520.02,51999.53424,2025-01-17;103054,-2.4657556
DU5852420,QQQ,-100,520.01,51999.53427,2025-01-17;103054,-1.4657278
DU5852420,MSTR,70,389.71,-27280.70245,2025-01-17;105820,-1.00245
DU5852420,MSTR,-70,388.05,27161.73001,2025-01-17;105839,-1.7699853
DU5852420,APP,70,344.49,-24115.30245,2025-01-17;132053,-1.00245
DU5852420,APP,30,344.55,-10337.50105,2025-01-17;132122,-1.00105
DU5852420,APP,-100,343,34300,2025-01-17;132202,0
DU5852420,QQQ,100,522.44,-52245.0035,2025-01-17;135947,-1.0035
DU5852420,QQQ,200,522.44,-104488.507,2025-01-17;135947,-0.507
DU5852420,QQQ,-200,522.09,104414.057,2025-01-17;140003,-3.9430204
DU5852420,QQQ,-100,522.09,52207.02849,2025-01-17;140003,-1.9715102
DU5852420,QQQ,100,522.51,-52252.0035,2025-01-17;143001,-1.0035
DU5852420,QQQ,100,522.51,-52251.0035,2025-01-17;143001,-0.0035
DU5852420,QQQ,100,522.51,-52251.5035,2025-01-17;143001,-0.5035
DU5852420,QQQ,-300,522.1,156624.0854,2025-01-17;143053,-5.914614
DU5852420,TSLA,50,412.2,-20610,2025-01-21;095950,0
DU5852420,TSLA,-50,409.28,20464,2025-01-21;095950,0
DU5852420,TSLA,100,412.45,-41246.0035,2025-01-21;102959,-1.0035
DU5852420,TSLA,10,412.45,-4124.50035,2025-01-21;102959,-0.00035
DU5852420,TSLA,-55,414.9,22819.5,2025-01-21;112728,0
DU5852420,TSLA,-55,414.67,22805.20491,2025-01-21;113753,-1.64508543
DU5852420,NVDA,29,139.37,-4042.731015,2025-01-21;122842,-1.001015
DU5852420,NVDA,200,139.37,-27874.152,2025-01-21;122842,-0.152
DU5852420,NVDA,171,139.37,-23833.13099,2025-01-21;122842,-0.860985
DU5852420,NVDA,200,139.37,-27875.007,2025-01-21;122913,-1.007
DU5852420,NVDA,-100,140.15,14013.59028,2025-01-21;123114,-1.409717
DU5852420,NVDA,-100,140.15,14014.59028,2025-01-21;123114,-0.409717
DU5852420,NVDA,-100,140.15,14014.09028,2025-01-21;123114,-0.909717
DU5852420,NVDA,-100,140.15,14014.09028,2025-01-21;123114,-0.909717
DU5852420,NVDA,-50,140.85,7041.293619,2025-01-21;125908,-1.2063815
DU5852420,NVDA,-50,141.35,7066.293474,2025-01-21;125930,-1.2065265
DU5852420,NVDA,-50,141.82,7089.79282,2025-01-21;131527,-1.2071798
DU5852420,NVDA,-25,141.65,3540.146528,2025-01-21;154028,-1.10347175
DU5852420,NVDA,-25,140.65,3515.147223,2025-01-21;155233,-1.10277675
DU5852420,QQQ,50,525.42,-26272.00175,2025-01-21;131129,-1.00175
DU5852420,QQQ,200,525.42,-105084.257,2025-01-21;131129,-0.257
DU5852420,QQQ,200,525.53,-105107.007,2025-01-21;135939,-1.007
DU5852420,QQQ,-350,525.23,183823.5692,2025-01-21;135948,-6.9308379
DU5852420,QQQ,-100,525.23,52521.01976,2025-01-21;135948,-1.9802394
DU5852420,PLTR,400,73.43,-29372,2025-01-21;143025,0
DU5852420,PLTR,100,73.43,-7343,2025-01-21;143025,0
DU5852420,PLTR,100,73.43,-7343,2025-01-21;143025,0
DU5852420,PLTR,-100,73.3,7328.776126,2025-01-21;143048,-1.223874
DU5852420,PLTR,-363,73.3,26605.77234,2025-01-21;143048,-2.12766262
DU5852420,PLTR,-37,73.3,2711.832167,2025-01-21;143048,-0.26783338
DU5852420,PLTR,-100,73.3,7329.276126,2025-01-21;143048,-0.723874
DU5852420,RDDT,40,186.84,-7473.6,2025-01-22;100134,0
DU5852420,RDDT,100,186.84,-18684,2025-01-22;100134,0
DU5852420,RDDT,-100,185.65,18565,2025-01-22;100134,0
DU5852420,RDDT,-40,185.63,7425.2,2025-01-22;100134,0
DU5852420,TSLA,100,423.64,-42364,2025-01-22;102938,0
DU5852420,TSLA,-100,422.14,42214,2025-01-22;102938,0
DU5852420,QQQ,45,531.98,-23939.1,2025-01-22;103018,0
DU5852420,QQQ,100,531.98,-53198,2025-01-22;103018,0
DU5852420,QQQ,55,531.98,-29258.9,2025-01-22;103018,0
DU5852420,QQQ,100,533.17,-53317,2025-01-22;114419,0
DU5852420,QQQ,50,533.34,-26668.0023,2025-01-22;115635,-1.0023
DU5852420,QQQ,-100,532.12,53212,2025-01-22;115733,0
DU5852420,QQQ,-100,532.12,53212,2025-01-22;115733,0
DU5852420,QQQ,-50,532.12,26606,2025-01-22;115733,0
DU5852420,QQQ,-100,532.12,53212,2025-01-22;115733,0
DU5852420,RDDT,100,184.57,-18458.0035,2025-01-22;113220,-1.0035
DU5852420,RDDT,100,184.66,-18466.0035,2025-01-22;113220,-0.0035
DU5852420,RDDT,-100,183.84,18382.46882,2025-01-22;113220,-1.5311752
DU5852420,RDDT,-100,183.84,18383.46882,2025-01-22;113220,-0.5311752
DU5852420,MSTR,40,375.07,-15003.80184,2025-01-22;115932,-1.00184
DU5852420,MSTR,-40,375.38,15013.77454,2025-01-22;132346,-1.42546256
DU5852420,META,60,627.04,-37623.4021,2025-01-23;095938,-1.0021
DU5852420,META,60,627.13,-37628.8021,2025-01-23;095949,-1.0021
DU5852420,META,-100,625.91,62588.23877,2025-01-23;095959,-2.7612298
DU5852420,META,-20,625.91,12517.84797,2025-01-23;095959,-0.35202596
DU5852420,META,60,627.13,-37627.8,2025-01-23;102800,0
DU5852420,META,60,626.83,-37609.8,2025-01-23;102832,0
DU5852420,META,10,628.99,-6290.90035,2025-01-23;122710,-1.00035
DU5852420,META,-80,627.86,50228.8,2025-01-23;123142,0
DU5852420,META,80,629.4,-50353.0028,2025-01-23;124127,-1.0028
DU5852420,META,-80,632.57,50603.17708,2025-01-23;132358,-2.42291568
DU5852420,META,-20,633.49,12668.44376,2025-01-23;151631,-1.35624044
DU5852420,META,-20,635.27,12705.4,2025-01-23;155730,0
DU5852420,META,-5,643.57,3216.759539,2025-01-24;095759,-1.09046123
DU5852420,META,-5,607,3033.914622,2025-01-27;055324,-1.085378
DU5852420,MSTR,70,372,-26040,2025-01-24;095906,0
DU5852420,MSTR,-70,370,25900,2025-01-24;095906,0
DU5852420,MSTR,70,371.8,-26026,2025-01-24;100100,0
DU5852420,MSTR,-70,370.65,25945.5,2025-01-24;100156,0
DU5852420,TSLA,80,414.76,-33181.8028,2025-01-24;103004,-1.0028
DU5852420,TSLA,30,415.09,-12453.70138,2025-01-24;103032,-1.00138
DU5852420,TSLA,-100,413.76,41373.82855,2025-01-24;103049,-2.1714528
DU5852420,TSLA,-10,413.76,4137.482965,2025-01-24;103049,-0.11703528
DU5852420,MSTR,70,375.4,-26279.00245,2025-01-24;133123,-1.00245
DU5852420,MSTR,-70,373.5,26143.2591,2025-01-24;133159,-1.740901
DU5852420,QQQ,150,529.8,-79471.00525,2025-01-24;134604,-1.00525
DU5852420,QQQ,50,529.8,-26490.00175,2025-01-24;134604,-0.00175
DU5852420,QQQ,100,529.8,-52980.5035,2025-01-24;134604,-0.5035
DU5852420,QQQ,100,529.8,-52980.5035,2025-01-24;134604,-0.5035
DU5852420,QQQ,-300,529.43,158823.0243,2025-01-24;134604,-5.9757462
DU5852420,QQQ,-100,529.43,52941.00808,2025-01-24;134604,-1.9919154
DU5852420,NVDA,-400,142.5,56996.335,2025-01-24;135101,-3.665
DU5852420,NVDA,99,142.42,-14099.58,2025-01-24;144631,0
DU5852420,NVDA,300,142.42,-42726,2025-01-24;144631,0
DU5852420,NVDA,1,142.42,-142.42,2025-01-24;144631,0
DU5852420,QQQ,100,528.99,-52900.0035,2025-01-24;150248,-1.0035
DU5852420,QQQ,300,528.99,-158698.0105,2025-01-24;150248,-1.0105
DU5852420,QQQ,-100,528.68,52865.51017,2025-01-24;150248,-2.4898304
DU5852420,QQQ,-100,528.68,52866.51017,2025-01-24;150248,-1.4898304
DU5852420,QQQ,-200,528.68,105732.0203,2025-01-24;150248,-3.9796608
DU5852420,QQQ,40,512.15,-20486,2025-01-27;093100,0
DU5852420,QQQ,-40,514.16,20564.82021,2025-01-27;094048,-1.57978592
DU5852420,QQQ,300,516.75,-155026.5105,2025-01-27;102909,-1.5105
DU5852420,QQQ,100,516.75,-51675.5035,2025-01-27;102909,-0.5035
DU5852420,QQQ,40,512.15,-20486,2025-01-27;093100,0
DU5852420,QQQ,-120,517.7,62121.24883,2025-01-27;103116,-2.7511672
DU5852420,QQQ,-100,517.7,51768.44069,2025-01-27;103116,-1.559306
DU5852420,QQQ,-100,516.01,51598.54539,2025-01-27;103516,-2.4546078
DU5852420,QQQ,-120,516,61918.1545,2025-01-27;103516,-1.845496
DU5852420,NVDA,-100,122.41,12239.6396,2025-01-27;105855,-1.3603998
DU5852420,NVDA,-100,122.41,12240.6396,2025-01-27;105855,-0.3603998
DU5852420,NVDA,-100,122.41,12240.1396,2025-01-27;105855,-0.8603998
DU5852420,NVDA,-100,122.41,12240.1396,2025-01-27;105855,-0.8603998
DU5852420,NVDA,100,121,-12101.0046,2025-01-27;110023,-1.0046
DU5852420,NVDA,100,121,-12100.0035,2025-01-27;110023,-0.0035
DU5852420,NVDA,100,120.3,-12031.0035,2025-01-27;111215,-1.0035
DU5852420,NVDA,50,119.41,-5971.50175,2025-01-27;112814,-1.00175
DU5852420,NVDA,50,118.68,-5934,2025-01-27;113147,0
DU5852420,NVDA,-100,118.89,11887.64939,2025-01-27;125124,-1.3506142
DU5852420,NVDA,-350,118.89,41609.02285,2025-01-27;125124,-2.4771497
DU5852420,NVDA,100,119.12,-11913.0035,2025-01-27;125316,-1.0035
DU5852420,NVDA,100,119.13,-11913.0035,2025-01-27;125316,-0.0035
DU5852420,NVDA,100,119.13,-11913.5035,2025-01-27;125316,-0.5035
DU5852420,NVDA,150,119.13,-17870.25525,2025-01-27;125316,-0.75525
DU5852420,NVDA,-100,118.63,11861.65011,2025-01-27;125716,-1.3498914
DU5852420,NVDA,-200,118.62,23722.80027,2025-01-27;125716,-1.1997272
DU5852420,NVDA,-100,118.62,11861.15014,2025-01-27;125716,-0.8498636
DU5852420,NVDA,-50,118.59,5929.07511,2025-01-27;125716,-0.4248901
DU5852420,NVDA,450,118.57,-53356.5,2025-01-27;125916,0
DU5852420,NVDA,150,119.22,-17883.25525,2025-01-27;143235,-0.25525
DU5852420,NVDA,100,119.22,-11922.5035,2025-01-27;143235,-0.5035
DU5852420,NVDA,100,119.22,-11922.5035,2025-01-27;143235,-0.5035
DU5852420,NVDA,-450,118.9,53505,2025-01-27;143235,0
DU5852420,NVDA,100,119.21,-11922.0035,2025-01-27;143235,-1.0035
DU5852420,PLTR,200,76.38,-15277.007,2025-01-28;100022,-1.007
DU5852420,PLTR,200,76.38,-15277.007,2025-01-28;100022,-1.007
DU5852420,PLTR,50,76.38,-3819.25175,2025-01-28;100022,-0.25175
DU5852420,PLTR,50,76.38,-3819.25175,2025-01-28;100022,-0.25175
DU5852420,PLTR,-100,76.1,7608.767242,2025-01-28;100043,-1.232758
DU5852420,PLTR,-200,76.1,15219.03668,2025-01-28;100043,-0.963316
DU5852420,PLTR,-200,76.1,15218.53668,2025-01-28;100043,-1.463316
DU5852420,PLTR,350,76.4,-26741.76225,2025-01-28;100404,-1.76225
DU5852420,PLTR,-75,78.3,5871.32167,2025-01-28;100514,-1.1783305
DU5852420,PLTR,-100,78.3,7829.762226,2025-01-28;100514,-0.237774
DU5852420,PLTR,-75,79.12,5932.81996,2025-01-28;104903,-1.1800402
DU5852420,PLTR,-80,78.52,6280.409292,2025-01-28;105234,-1.19070848
DU5852420,PLTR,-10,83.15,830.4747643,2025-01-31;093943,-1.0252357
DU5852420,PLTR,-10,81.44,813.3753497,2025-02-03;062812,-1.02465032
DU5852420,QQQ,200,521.05,-104211.007,2025-01-28;140048,-1.007
DU5852420,QQQ,300,521.05,-156316.5105,2025-01-28;140048,-1.5105
DU5852420,QQQ,-100,520.79,52076.5321,2025-01-28;140048,-2.4678962
DU5852420,QQQ,-200,520.79,104154.5642,2025-01-28;140048,-3.4357924
DU5852420,QQQ,-200,520.79,104154.0642,2025-01-28;140048,-3.9357924
DU5852420,QQQ,300,521.57,-156472.5105,2025-01-28;143047,-1.5105
DU5852420,QQQ,100,521.57,-52157.5035,2025-01-28;143047,-0.5035
DU5852420,QQQ,-100,522.54,52251.52724,2025-01-28;143305,-2.4727612
DU5852420,QQQ,-100,522.54,52252.52724,2025-01-28;143305,-1.4727612
DU5852420,QQQ,-100,522.83,52280.52643,2025-01-28;145312,-2.4735674
DU5852420,QQQ,-100,521.54,52154,2025-01-28;145316,0
DU5852420,PLTR,100,78.67,-7868.0035,2025-01-29;095222,-1.0035
DU5852420,PLTR,400,78.67,-31469.514,2025-01-29;095222,-1.514
DU5852420,PLTR,100,78.67,-7867.5035,2025-01-29;095222,-0.5035
DU5852420,PLTR,-100,78.44,7842.761837,2025-01-29;095222,-1.2381632
DU5852420,PLTR,-500,78.44,39216.80368,2025-01-29;095222,-3.196316
DU5852420,PLTR,200,78.9,-15781.007,2025-01-29;100249,-1.007
DU5852420,PLTR,100,78.9,-7890.5035,2025-01-29;100249,-0.5035
DU5852420,PLTR,-200,78.5,15698.52334,2025-01-29;100249,-1.47666
DU5852420,PLTR,-100,78.5,7849.26167,2025-01-29;100249,-0.73833
DU5852420,PLTR,100,78.73,-7873,2025-01-29;100651,0
DU5852420,PLTR,100,78.73,-7873,2025-01-29;100651,0
DU5852420,PLTR,100,78.73,-7873,2025-01-29;100651,0
DU5852420,PLTR,-200,78.37,15672.52406,2025-01-29;100651,-1.4759372
DU5852420,PLTR,-1,78.37,78.36262031,2025-01-29;100651,-0.007379686
DU5852420,PLTR,-99,78.37,7757.899411,2025-01-29;100651,-0.730588914
DU5852420,TSLA,80,388.28,-31063.4028,2025-02-05;093126,-1.0028
DU5852420,TSLA,-80,386.81,30942.92365,2025-02-05;093126,-1.87634544
DU5852420,PLTR,100,102.63,-10264.0035,2025-02-05;093331,-1.0035
DU5852420,PLTR,100,102.63,-10263.0035,2025-02-05;093331,-0.0035
DU5852420,PLTR,100,102.63,-10263.5035,2025-02-05;093331,-0.5035
DU5852420,PLTR,100,102.63,-10263.5035,2025-02-05;093331,-0.5035
DU5852420,PLTR,-100,102.46,10244.69506,2025-02-05;093331,-1.3049388
DU5852420,PLTR,-100,102.46,10245.69506,2025-02-05;093331,-0.3049388
DU5852420,PLTR,-100,102.46,10245.19506,2025-02-05;093331,-0.8049388
DU5852420,PLTR,-100,102.46,10245.19506,2025-02-05;093331,-0.8049388
DU5852420,PLTR,80,102.81,-8225.8028,2025-02-05;093628,-1.0028
DU5852420,PLTR,100,102.81,-10281.0035,2025-02-05;093628,-0.0035
DU5852420,PLTR,20,102.81,-2056.2007,2025-02-05;093628,-0.0007
DU5852420,PLTR,-100,102.53,10251.69487,2025-02-05;093628,-1.3051334
DU5852420,PLTR,-100,102.53,10252.69377,2025-02-05;093628,-0.3062334
DU5852420,META,30,712.66,-21380.80105,2025-02-05;093943,-1.00105
DU5852420,META,-30,709.63,21287.30214,2025-02-05;093943,-1.59786142
DU5852420,TSLA,80,385.59,-30848.2028,2025-02-05;094832,-1.0028
DU5852420,TSLA,-80,384.53,30760.52785,2025-02-05;094832,-1.87215472
DU5852420,NVDA,200,122.74,-24549.007,2025-02-05;095959,-1.007
DU5852420,NVDA,100,122.74,-12274.5035,2025-02-05;095959,-0.5035
DU5852420,NVDA,-200,122.46,24490.27892,2025-02-05;095959,-1.7210776
DU5852420,NVDA,-100,122.47,12246.13943,2025-02-05;095959,-0.8605666
DU5852420,TSLA,70,382.59,-26782.30245,2025-02-05;100754,-1.00245
DU5852420,TSLA,-70,381.7,26717.24314,2025-02-05;101413,-1.7568582
DU5852420,TSLA,-70,381.7,26718.24237,2025-02-05;101413,-0.7576282
DU5852420,TSLA,70,381.78,-26725.60245,2025-02-05;101920,-1.00245
DU5852420,MSTR,60,330,-19800,2025-02-06;094428,0
DU5852420,MSTR,-60,332.7,19960.433,2025-02-06;095534,-1.5670036
DU5852420,NVDA,200,125.9,-25181.007,2025-02-06;100225,-1.007
DU5852420,NVDA,200,125.9,-25181.007,2025-02-06;100225,-1.007
DU5852420,NVDA,-100,125.62,12560.63068,2025-02-06;100225,-1.3693236
DU5852420,NVDA,-100,125.62,12561.63068,2025-02-06;100225,-0.3693236
DU5852420,NVDA,-100,125.63,12562.13065,2025-02-06;100225,-0.8693514
DU5852420,NVDA,-100,125.62,12561.13068,2025-02-06;100225,-0.8693236
DU5852420,NVDA,100,126.15,-12616.0035,2025-02-06;100331,-1.0035
DU5852420,NVDA,100,126.15,-12615.0035,2025-02-06;100331,-0.0035
DU5852420,NVDA,199,126.15,-25104.85197,2025-02-06;100331,-1.001965
DU5852420,NVDA,1,126.15,-126.155035,2025-02-06;100331,-0.005035
DU5852420,NVDA,-400,126.26,50500.51559,2025-02-06;102219,-3.4844112
DU5852420,META,50,714.9,-35746.00175,2025-02-06;100843,-1.00175
DU5852420,META,-50,715.39,35769.5,2025-02-06;102739,0
DU5852420,NVDA,80,126.77,-10142.6028,2025-02-06;111952,-1.0028
DU5852420,NVDA,300,126.77,-38031.9105,2025-02-06;111952,-0.9105
DU5852420,NVDA,20,126.77,-2535.5007,2025-02-06;111952,-0.1007
DU5852420,NVDA,-100,126.55,12653.62809,2025-02-06;111952,-1.371909
DU5852420,NVDA,-98,126.55,12401.53553,2025-02-06;111952,-0.36447082
DU5852420,NVDA,-200,126.55,25308.26618,2025-02-06;111952,-1.733818
DU5852420,NVDA,-2,126.55,253.0825618,2025-02-06;111952,-0.01743818
DU5852420,NVDA,300,131.29,-39388.5105,2025-02-10;093056,-1.5105
DU5852420,NVDA,100,131.3,-13130.5035,2025-02-10;093056,-0.5035
DU5852420,NVDA,-100,132.69,13269,2025-02-10;093326,0
DU5852420,NVDA,-100,132.69,13269,2025-02-10;093326,0
DU5852420,NVDA,-50,132.91,6644.305205,2025-02-10;094011,-1.1947949
DU5852420,NVDA,-50,132.9,6643.805219,2025-02-10;094126,-1.194781
DU5852420,NVDA,-50,134.51,6724.302981,2025-02-10;094548,-1.1970189
DU5852420,NVDA,-20,133.7,2672.921643,2025-02-10;112128,-1.0783572
DU5852420,NVDA,-30,133.2,3996,2025-02-10;114731,-1.00175
DU5852420,PLTR,100,111.21,-11121,2025-02-10;093641,0
DU5852420,PLTR,100,111.13,-11113,2025-02-10;093641,0
DU5852420,PLTR,-100,110.47,11045.67169,2025-02-10;094440,-1.3283066
DU5852420,PLTR,-100,110.32,11031.67321,2025-02-10;094440,-0.3267896
DU5852420,PLTR,300,112.87,-33862.5105,2025-02-10;102434,-1.5105
DU5852420,PLTR,-100,114.13,11413,2025-02-10;102918,0
DU5852420,PLTR,-25,114.23,2854.665585,2025-02-10;105719,-1.08441485
DU5852420,PLTR,-100,114.37,11435.66195,2025-02-10;112505,-1.3380486
DU5852420,PLTR,-25,115.19,2878.664918,2025-02-10;135355,-1.08508205
DU5852420,PLTR,-25,116,2898.914355,2025-02-10;135408,-1.085645
DU5852420,PLTR,-25,117.42,2935.5,2025-02-11;092940,-1.05197914
DU5852420,TSLA,100,346.45,-34646.0046,2025-02-11;093325,-1.0046
DU5852420,TSLA,-100,346.48,34646.01669,2025-02-11;093907,-1.9833144
DU5852420,TSLA,-100,344.5,34448.02219,2025-02-11;094038,-1.97781
DU5852420,TSLA,100,344.03,-34404.0035,2025-02-11;102033,-1.0035
DU5852420,TSLA,-100,334.51,33449.04996,2025-02-11;114103,-1.9500378
DU5852420,TSLA,80,330.45,-26437.0028,2025-02-11;131423,-1.0028
DU5852420,TSLA,20,334.6,-6693.0007,2025-02-11;140837,-1.0007
DU5852420,META,100,719,-71901.0035,2025-02-11;132755,-1.0035
DU5852420,META,-30,721.86,21654.19194,2025-02-11;141949,-1.60806124
DU5852420,META,-20,721.76,14433.79446,2025-02-11;144126,-1.40553856
DU5852420,META,-20,722.86,14455.79407,2025-02-11;144155,-1.40593016
DU5852420,META,-27,722.34,19503.18,2025-02-11;144327,0
DU5852420,META,-3,719.11,2156.269423,2025-02-11;144338,-1.060576774
DU5852420,TSLA,100,337,-33701.0046,2025-02-12;094020,-1.0046
DU5852420,TSLA,-100,335.89,33587.04613,2025-02-12;094020,-1.9538742
DU5852420,META,100,719.55,-71956.0035,2025-02-12;095448,-1.0035
DU5852420,META,-100,718.22,71818.98325,2025-02-12;095824,-3.0167516
DU5852420,META,100,719.78,-71979.0035,2025-02-12;095933,-1.0035
DU5852420,META,-100,718.3,71826.98193,2025-02-12;095953,-3.018074
DU5852420,TSLA,100,351.5,-35151.0035,2025-02-13;095950,-1.0035
DU5852420,TSLA,-30,354.9,10647,2025-02-13;100909,0
DU5852420,TSLA,-30,358,10738.6954,2025-02-13;101212,-1.304602
DU5852420,TSLA,-40,351.8,14072,2025-02-13;103957,0
DU5852420,PLTR,100,118.18,-11818,2025-02-13;102355,0
DU5852420,PLTR,50,118.19,-5909.5,2025-02-13;102355,0
DU5852420,PLTR,-100,117.8,11780,2025-02-13;102355,0
DU5852420,PLTR,-50,117.8,5890,2025-02-13;102355,0
DU5852420,NVDA,91,135.8,-12358.80319,2025-02-13;113021,-1.003185
DU5852420,NVDA,100,135.8,-13580.0035,2025-02-13;113021,-0.0035
DU5852420,NVDA,9,135.8,-1222.200315,2025-02-13;113021,-0.000315
DU5852420,NVDA,200,135.8,-27161.007,2025-02-13;113021,-1.007
DU5852420,NVDA,-100,135.66,13564.60167,2025-02-13;113021,-1.3983348
DU5852420,NVDA,-100,135.66,13565.60277,2025-02-13;113021,-0.3972348
DU5852420,NVDA,-100,135.65,13564.10279,2025-02-13;113021,-0.897207
DU5852420,NVDA,-100,135.65,13564.10279,2025-02-13;113021,-0.897207
DU5852420,PLTR,200,117.03,-23407.007,2025-02-13;145639,-1.007
DU5852420,PLTR,-70,117.53,8227.1,2025-02-13;150825,0
DU5852420,PLTR,-100,117.53,11753,2025-02-13;150825,0
DU5852420,NVDA,300,136.8,-41041.5105,2025-02-14;092933,-1.5105
DU5852420,NVDA,50,136.8,-6840.25175,2025-02-14;092933,-0.25175
DU5852420,NVDA,-100,136.41,13639.60068,2025-02-14;092933,-1.3993198
DU5852420,NVDA,-100,136.41,13640.60068,2025-02-14;092933,-0.3993198
DU5852420,NVDA,-100,136.41,13640.10068,2025-02-14;092933,-0.8993198
DU5852420,NVDA,-50,136.41,6820.05034,2025-02-14;092933,-0.4496599
DU5852420,NVDA,100,137.99,-13800.0035,2025-02-14;102636,-1.0035
DU5852420,NVDA,50,137.99,-6899.50175,2025-02-14;102636,-0.00175
DU5852420,NVDA,30,138.05,-4142.50138,2025-02-14;102942,-1.00138
DU5852420,NVDA,-80,137.25,10978.67868,2025-02-14;102948,-1.321324
DU5852420,NVDA,-100,137.25,13724.59835,2025-02-14;102948,-0.401655
DU5852420,TSLA,80,352.04,-28164.2028,2025-02-14;103736,-1.0028
DU5852420,TSLA,50,352.15,-17608.5023,2025-02-14;104639,-1.0023
DU5852420,TSLA,-130,351.07,45636.80367,2025-02-14;105108,-2.29632698
DU5852420,TSLA,130,351.01,-45632.30455,2025-02-14;111254,-1.00455
DU5852420,TSLA,-100,349.9,34990,2025-02-14;111254,0
DU5852420,TSLA,-30,349.89,10496.7,2025-02-14;111254,0
DU5852420,MSTR,70,337.73,-23642.10245,2025-02-18;092337,-1.00245
DU5852420,MSTR,-70,336.25,23535.83082,2025-02-18;092337,-1.6691825
DU5852420,NVDA,200,142.47,-28495.007,2025-02-18;093112,-1.007
DU5852420,NVDA,100,142.82,-14283.0035,2025-02-18;093133,-1.0035
DU5852420,NVDA,-200,141.9,28380,2025-02-18;093142,0
DU5852420,NVDA,-100,141.9,14190,2025-02-18;093142,0
DU5852420,MRVL,100,107.28,-10729.0035,2025-02-18;093242,-1.0035
DU5852420,MRVL,-100,106.14,10614,2025-02-18;093242,0
DU5852420,HOOD,200,63.54,-12708,2025-02-18;093617,0
DU5852420,HOOD,100,63.54,-6354,2025-02-18;093617,0
DU5852420,HOOD,-100,63.14,6314,2025-02-18;093617,0
DU5852420,HOOD,-200,63.14,12628,2025-02-18;093617,0
DU5852420,TEM,79,85.26,-6735.54,2025-02-18;094951,0
DU5852420,TEM,100,85.26,-8526,2025-02-18;094951,0
DU5852420,TEM,21,85.26,-1790.46,2025-02-18;094951,0
DU5852420,TEM,-200,84.42,16884,2025-02-18;094951,0
DU5852420,HOOD,100,63.2,-6320,2025-02-18;095708,0
DU5852420,HOOD,100,63.2,-6320,2025-02-18;095708,0
DU5852420,HOOD,-200,62.62,12524,2025-02-18;095708,0
DU5852420,HIMS,100,59.94,-5995.0035,2025-02-18;113919,-1.0035
DU5852420,HIMS,40,59.94,-2397.6014,2025-02-18;113919,-0.0014
DU5852420,HIMS,-40,59.18,2366.126152,2025-02-18;113919,-1.07384816
DU5852420,HIMS,-60,59.18,3550.689228,2025-02-18;113919,-0.11077224
DU5852420,HIMS,-40,59.19,2367.526141,2025-02-18;113919,-0.07385928
DU5852420,TSLA,100,351.48,-35149.0035,2025-02-18;135942,-1.0035
DU5852420,TSLA,-80,353.3,28262.19818,2025-02-18;140551,-1.8018192
DU5852420,TSLA,-10,352.07,3519.600005,2025-02-18;140752,-1.09999546
DU5852420,TSLA,-10,351.92,3519.2,2025-02-18;140926,0
DU5852420,SMCI,78,54.12,-4222.36273,2025-02-18;143038,-1.00273
DU5852420,SMCI,22,54.12,-1190.64077,2025-02-18;143038,-0.00077
DU5852420,SMCI,100,54.12,-5412.0035,2025-02-18;143038,-0.0035
DU5852420,SMCI,200,54.12,-10825.0092,2025-02-18;143038,-1.0092
DU5852420,SMCI,100,54.12,-5412.5035,2025-02-18;143038,-0.5035
DU5852420,SMCI,-40,53.98,2158.131934,2025-02-18;143038,-1.06806576
DU5852420,SMCI,-460,53.98,24828.51724,2025-02-18;143038,-2.28275624
DU5852420,MRVL,500,107.8,-53902.5175,2025-02-18;145048,-2.5175
DU5852420,MRVL,100,107.8,-10780.5035,2025-02-18;145048,-0.5035
DU5852420,MRVL,-300,107.6,32277.54232,2025-02-18;145048,-2.457684
DU5852420,MRVL,-200,107.6,21518.36154,2025-02-18;145048,-1.638456
DU5852420,MRVL,-100,107.6,10759.18077,2025-02-18;145048,-0.819228
DU5852420,NBIS,100,45.72,-4573.0035,2025-02-19;103025,-1.0035
DU5852420,NBIS,100,45.72,-4572.0035,2025-02-19;103025,-0.0035
DU5852420,NBIS,200,45.72,-9145.007,2025-02-19;103025,-1.007
DU5852420,NBIS,1,45.71,-45.715046,2025-02-19;103025,-0.005046
DU5852420,NBIS,99,45.72,-4526.778465,2025-02-19;103025,-0.498465
DU5852420,NBIS,100,45.72,-4572.5035,2025-02-19;103025,-0.5035
DU5852420,NBIS,-200,46.25,9248.70265,2025-02-19;104537,-1.29735
DU5852420,NBIS,-100,47.22,4720.847528,2025-02-19;113849,-1.1524716
DU5852420,NBIS,-43,46.1,1981.236249,2025-02-19;125444,-1.06375094
DU5852420,NBIS,-100,46.1,4609.851742,2025-02-19;125444,-0.148258
DU5852420,NBIS,-57,46.09,2627.045509,2025-02-19;125444,-0.084491214
DU5852420,NBIS,-100,47.4,4740,2025-02-19;135323,0
DU5852420,HIMS,80,68.65,-5493.0028,2025-02-19;105954,-1.0028
DU5852420,HIMS,100,68.65,-6865.0035,2025-02-19;105954,-0.0035
DU5852420,HIMS,-100,67.9,6788.791138,2025-02-19;105954,-1.208862
DU5852420,HIMS,-80,67.9,5431.83291,2025-02-19;105954,-0.1670896
DU5852420,MRVL,226,111.66,-25235.16,2025-02-19;113339,0
DU5852420,MRVL,200,111.66,-22332,2025-02-19;113339,0
DU5852420,MRVL,24,111.66,-2679.84,2025-02-19;113339,0
DU5852420,MRVL,-50,111.34,5567,2025-02-19;114037,0
DU5852420,MRVL,-114,111.34,12692.76,2025-02-19;114037,0
DU5852420,MRVL,-50,111.34,5567,2025-02-19;114037,0
DU5852420,MRVL,-114,111.34,12692.76,2025-02-19;114037,0
DU5852420,MRVL,-100,111.34,11134,2025-02-19;114037,0
DU5852420,MRVL,-22,111.34,2449.48,2025-02-19;114037,0
DU5852420,VNET,200,13.91,-2783.007,2025-02-19;120138,-1.007
DU5852420,VNET,500,13.91,-6957.5175,2025-02-19;120138,-2.5175
DU5852420,VNET,-100,13.77,1375.941619,2025-02-19;120139,-1.0583806
DU5852420,VNET,-300,13.77,4129.824858,2025-02-19;120139,-1.1751418
DU5852420,VNET,-100,13.77,1376.441619,2025-02-19;120139,-0.5583806
DU5852420,VNET,-100,13.77,1376.441619,2025-02-19;120139,-0.5583806
DU5852420,VNET,-100,13.77,1376.440519,2025-02-19;120139,-0.5594806
DU5852420,HIMS,300,72.19,-21658.5105,2025-02-19;125956,-1.5105
DU5852420,HIMS,100,72.19,-7219.5035,2025-02-19;125956,-0.5035
DU5852420,HIMS,-400,71.83,28729.12085,2025-02-19;125956,-2.8791496
DU5852420,TEM,200,86.55,-17311.007,2025-02-19;140024,-1.007
DU5852420,TEM,-100,86.12,8610.740486,2025-02-19;140025,-1.2595136
DU5852420,TEM,-100,86.12,8611.739386,2025-02-19;140025,-0.2606136
DUE384799,TEM,300,73.2,-21960,2025-02-20;104910,0
DUE384799,TEM,-200,72.81,14560.55498,2025-02-20;104910,-1.4450236
DUE384799,TEM,-100,72.81,7280.277488,2025-02-20;104910,-0.7225118
DUE384799,TEM,100,73.24,-7325.0035,2025-02-20;113028,-1.0035
DUE384799,TEM,45,73.24,-3295.801575,2025-02-20;113028,-0.001575
DUE384799,TEM,55,73.24,-4028.201925,2025-02-20;113028,-0.001925
DUE384799,TEM,100,73.24,-7324.5035,2025-02-20;113028,-0.5035
DUE384799,TEM,50,73.24,-3662.25175,2025-02-20;113028,-0.25175
DUE384799,TEM,50,73.14,-3658.00175,2025-02-20;113037,-1.00175
DUE384799,TEM,-200,74.8,14958.54391,2025-02-20;113330,-1.456088
DUE384799,TEM,-100,75.71,7569.769426,2025-02-20;114651,-1.2305738
DUE384799,TEM,-30,76.82,2303.529902,2025-02-20;155847,-1.07009788
DUE384799,TEM,-300,72.61,21783,2025-02-21;102737,0
DUE384799,TEM,100,73.03,-7303,2025-02-21;102812,0
DUE384799,TEM,100,73.03,-7303,2025-02-21;102812,0
DUE384799,TEM,100,73.03,-7303,2025-02-21;102812,0
DUE384799,TEM,-100,69.89,6987.785606,2025-02-21;140504,-1.2143942
DUE384799,TEM,-100,69.89,6988.785606,2025-02-21;140504,-0.2143942
DUE384799,TEM,-100,69.89,6988.285606,2025-02-21;140504,-0.7143942
DUE384799,TEM,-100,69.89,6988.285606,2025-02-21;140504,-0.7143942
DUE384799,TEM,100,69.8,-6980,2025-02-21;142847,0
DUE384799,TEM,300,69.8,-20940,2025-02-21;142848,0
DUE384799,HOOD,100,52.39,-5240.0035,2025-02-21;150036,-1.0035
DUE384799,HOOD,100,52.39,-5239.0035,2025-02-21;150036,-0.0035
DUE384799,HOOD,100,52.39,-5239.5035,2025-02-21;150036,-0.5035
DUE384799,HOOD,100,52.39,-5239.5035,2025-02-21;150037,-0.5035
DUE384799,HOOD,-200,52.37,10472.66862,2025-02-21;153453,-1.3313772
DUE384799,HOOD,-100,52.37,5236.334311,2025-02-21;153453,-0.6656886
DUE384799,HOOD,-44,52.37,2303.987097,2025-02-21;153453,-0.292902984
DUE384799,HOOD,-56,52.36,2931.78723,2025-02-21;153454,-0.372770048
DUE384799,TSLA,-100,325.51,32551,2025-02-24;100413,0
DUE384799,TSLA,-50,325.4,16270,2025-02-24;100414,0
DUE384799,TSLA,50,326.05,-16302.5,2025-02-24;100536,0
DUE384799,TSLA,100,326.87,-32687,2025-02-24;100821,0
DUE384799,PLTR,100,93.8,-9381.0046,2025-02-24;132943,-1.0046
DUE384799,PLTR,100,93.8,-9380.0035,2025-02-24;132943,-0.0035
DUE384799,PLTR,100,93.8,-9380.5035,2025-02-24;132943,-0.5035
DUE384799,PLTR,200,93.8,-18761.007,2025-02-24;132943,-1.007
DUE384799,PLTR,-11,93.54,1027.909184,2025-02-24;133304,-1.030815532
DUE384799,PLTR,-100,93.53,9352.719887,2025-02-24;133304,-0.2801134
DUE384799,PLTR,-100,93.53,9352.664887,2025-02-24;133304,-0.3351134
DUE384799,PLTR,-100,93.53,9352.219887,2025-02-24;133304,-0.7801134
DUE384799,PLTR,-189,93.53,17675.69559,2025-02-24;133304,-1.474414326
DUE384799,HOOD,100,50.89,-5090.0035,2025-02-24;140014,-1.0035
DUE384799,HOOD,200,50.89,-10178.507,2025-02-24;140014,-0.507
DUE384799,HOOD,100,50.89,-5089.5035,2025-02-24;140016,-0.5035
DUE384799,HOOD,100,50.9,-5090.5035,2025-02-24;140017,-0.5035
DUE384799,HOOD,400,50.9,-20362.014,2025-02-24;140017,-2.014
DUE384799,HOOD,100,50.9,-5090.5046,2025-02-24;140017,-0.5046
DUE384799,HOOD,-300,50.78,15232.01619,2025-02-24;141116,-1.9838052
DUE384799,HOOD,-100,50.78,5077.338732,2025-02-24;141116,-0.6612684
DUE384799,HOOD,-100,50.78,5077.338732,2025-02-24;141116,-0.6612684
DUE384799,HOOD,-100,50.78,5077.338732,2025-02-24;141117,-0.6612684
DUE384799,HOOD,-200,50.78,10154.67746,2025-02-24;141117,-1.3225368
DUE384799,HOOD,-100,50.78,5077.338732,2025-02-24;141117,-0.6612684
DUE384799,HOOD,-100,50.76,5075.338787,2025-02-24;141118,-0.6612128
DUE384799,VRT,-100,91.55,9153.725391,2025-02-24;141701,-1.274609
DUE384799,VRT,-100,91.54,9153.725419,2025-02-24;141701,-0.2745812
DUE384799,VRT,-300,91.55,27462.67287,2025-02-24;141701,-2.327127
DUE384799,VRT,-100,91.54,9153.225419,2025-02-24;141702,-0.7745812
DUE384799,VRT,200,91.81,-18363.007,2025-02-24;143835,-1.007
DUE384799,VRT,34,91.81,-3121.71119,2025-02-24;143835,-0.17119
DUE384799,VRT,100,91.81,-9181.5035,2025-02-24;143835,-0.5035
DUE384799,VRT,100,91.84,-9184.5035,2025-02-24;143838,-0.5035
DUE384799,VRT,100,91.84,-9184.5035,2025-02-24;143844,-0.5035
DUE384799,VRT,66,91.84,-6061.77231,2025-02-24;143848,-0.33231
DUE384799,VRT,-100,90.55,9054.728171,2025-02-24;150822,-0.271829
DUE384799,VRT,-100,90.55,9053.728171,2025-02-24;150823,-1.271829
DUE384799,VRT,-100,90.55,9054.228171,2025-02-24;150824,-0.771829
DUE384799,VRT,80,91,-7281.0028,2025-02-24;151213,-1.0028
DUE384799,VRT,100,91,-9100.0035,2025-02-24;151213,-0.0035
DUE384799,VRT,100,91,-9100.4035,2025-02-24;151213,-0.4035
DUE384799,VRT,20,91,-1820.1007,2025-02-24;151214,-0.1007
DUE384799,ASTS,200,28.24,-5649.007,2025-02-24;152817,-1.007
DUE384799,ASTS,100,28.24,-2824.5035,2025-02-24;152817,-0.5035
DUE384799,ASTS,186,28.24,-5253.57651,2025-02-24;152821,-0.93651
DUE384799,ASTS,214,28.24,-6044.43749,2025-02-24;152821,-1.07749
DUE384799,ASTS,100,28.24,-2824.5035,2025-02-24;152821,-0.5035
DUE384799,ASTS,20,28.23,-565.6007,2025-02-24;152843,-1.0007
DUE384799,ASTS,100,28.23,-2823.0035,2025-02-24;152843,-0.0035
DUE384799,ASTS,80,28.23,-2258.4028,2025-02-24;152845,-0.0028
DUE384799,ASTS,-300,28.76,8626.199842,2025-02-24;153832,-1.8001584
DUE384799,ASTS,-300,28.76,8626.199842,2025-02-24;153832,-1.8001584
DUE384799,ASTS,-200,28.76,5750.799894,2025-02-24;153836,-1.2001056
DUE384799,ASTS,-100,28.76,2875.399947,2025-02-24;153837,-0.6000528
DUE384799,ASTS,-100,28.51,2851,2025-02-24;155755,0
DUE384799,MRVL,100,96.45,-9646.0035,2025-02-26;100512,-1.0035
DUE384799,MRVL,100,96.45,-9645.0035,2025-02-26;100512,-0.0035
DUE384799,MRVL,150,96.45,-14468.25525,2025-02-26;100512,-0.75525
DUE384799,MRVL,-100,96.15,9613.712603,2025-02-26;100605,-1.287397
DUE384799,MRVL,-100,96.15,9614.712603,2025-02-26;100605,-0.287397
DUE384799,MRVL,-100,96.15,9614.211503,2025-02-26;100605,-0.788497
DUE384799,MRVL,-50,96.1,4804.606371,2025-02-26;100607,-0.393629
DUE384799,HIMS,20,44,-880,2025-02-26;103030,0
DUE384799,HIMS,200,44,-8800,2025-02-26;103030,0
DUE384799,HIMS,-220,43.55,9581,2025-02-26;103318,0
DUE384799,TSLA,80,298.24,-23859.2,2025-02-26;103211,0
DUE384799,TSLA,-80,297.22,23777.6,2025-02-26;104208,0
DUE384799,PLTR,-400,89.5,35796.92436,2025-02-26;110239,-3.07564
DUE384799,PLTR,200,89.74,-17949.007,2025-02-26;110433,-1.007
DUE384799,PLTR,200,89.74,-17949.007,2025-02-26;110433,-1.007
DUE384799,VRT,-200,98.8,19758.41047,2025-02-26;133134,-1.589528
DUE384799,VRT,200,98.54,-19709.007,2025-02-26;154742,-1.007
DUE384799,OKLO,-100,34.77,3475.883239,2025-02-26;145852,-1.1167606
DUE384799,OKLO,-100,34.77,3476.883239,2025-02-26;145852,-0.1167606
DUE384799,OKLO,-100,34.77,3476.383239,2025-02-26;145852,-0.6167606
DUE384799,OKLO,-100,34.77,3476.383239,2025-02-26;145852,-0.6167606
DUE384799,OKLO,100,35.02,-3503.0035,2025-02-26;150759,-1.0035
DUE384799,OKLO,100,35.03,-3503.0035,2025-02-26;150801,-0.0035
DUE384799,OKLO,200,35.03,-7007.007,2025-02-26;150801,-1.007
DUE384799,TSLA,-80,288.59,23085.5421,2025-02-26;153006,-1.65790416
DUE384799,TSLA,80,289.6,-23169.00368,2025-02-26;154752,-1.00368
DUE384799,SMCI,-100,45.37,4535.853771,2025-02-27;123623,-1.1462286
DUE384799,SMCI,-100,45.37,4536.853771,2025-02-27;123623,-0.1462286
DUE384799,SMCI,-100,45.37,4536.353771,2025-02-27;123624,-0.6462286
DUE384799,SMCI,-200,45.34,9066.70771,2025-02-27;123628,-1.2922904
DUE384799,SMCI,-100,45.34,4533.353855,2025-02-27;123629,-0.6461452
DUE384799,SMCI,-100,45.34,4533.353855,2025-02-27;123629,-0.6461452
DUE384799,SMCI,100,45.56,-4556,2025-02-27;123740,0
DUE384799,SMCI,100,45.56,-4556,2025-02-27;123740,0
DUE384799,SMCI,100,45.56,-4556,2025-02-27;123740,0
DUE384799,SMCI,100,45.56,-4556,2025-02-27;123740,0
DUE384799,SMCI,100,45.56,-4556,2025-02-27;123740,0
DUE384799,SMCI,200,45.56,-9112,2025-02-27;123740,0
DUE384799,SMCI,-200,45.28,9056,2025-02-27;123834,0
DUE384799,SMCI,-100,45.29,4529,2025-02-27;123834,0
DUE384799,SMCI,-100,45.28,4528,2025-02-27;123834,0
DUE384799,SMCI,-100,45.26,4526,2025-02-27;123836,0
DUE384799,SMCI,-200,45.26,9052,2025-02-27;123836,0
DUE384799,SMCI,500,45.48,-22742.5175,2025-02-27;132444,-2.5175
DUE384799,SMCI,100,45.48,-4548.5035,2025-02-27;132444,-0.5035
DUE384799,SMCI,100,45.48,-4548.5046,2025-02-27;132444,-0.5046
DUE384799,TEM,-100,58.01,5799.818632,2025-02-27;133017,-1.1813678
DUE384799,TEM,-150,58.01,8700.977948,2025-02-27;133017,-0.5220517
DUE384799,TEM,-200,58.01,11600.63726,2025-02-27;133017,-1.3627356
DUE384799,TEM,300,58.3,-17491.5105,2025-02-27;135425,-1.5105
DUE384799,TEM,100,58.3,-5830.5035,2025-02-27;135428,-0.5035
DUE384799,TEM,50,58.3,-2915.25175,2025-02-27;135429,-0.25175
DUE384799,TEM,-525,57.6,30236.4288,2025-02-27;141524,-3.571197
DUE384799,TEM,-100,57.6,5759.319772,2025-02-27;141524,-0.680228
DUE384799,TEM,-95,57.6,5471.353783,2025-02-27;141526,-0.6462166
DUE384799,TEM,100,57.05,-5706.0035,2025-02-27;145837,-1.0035
DUE384799,TEM,80,57.05,-4564.0028,2025-02-27;145837,-0.0028
DUE384799,TEM,100,57.05,-5705.4035,2025-02-27;145837,-0.4035
DUE384799,TEM,100,57.05,-5705.5035,2025-02-27;145838,-0.5035
DUE384799,TEM,120,56.58,-6789.6,2025-02-27;150512,0
DUE384799,TEM,120,56.33,-6760.6042,2025-02-27;150631,-1.0042
DUE384799,TEM,100,56.33,-5633.1035,2025-02-27;150631,-0.1035
DUE384799,VRT,-100,94.28,9428,2025-02-27;150030,0
DUE384799,VRT,-100,94.28,9428,2025-02-27;150030,0
DUE384799,VRT,-100,94.28,9428,2025-02-27;150031,0
DUE384799,VRT,-100,94.27,9427,2025-02-27;150033,0
DUE384799,VRT,100,93.39,-9340.0035,2025-02-27;151408,-1.0035
DUE384799,VRT,100,93.39,-9339.0035,2025-02-27;151408,-0.0035
DUE384799,VRT,100,93.39,-9339.5035,2025-02-27;151409,-0.5035
DUE384799,HOOD,500,50.41,-25207.5175,2025-02-28;120220,-2.5175
DUE384799,HOOD,100,50.43,-5044.0035,2025-02-28;120228,-1.0035
DUE384799,HOOD,-100,50.2,5018.840344,2025-02-28;124418,-1.159656
DUE384799,HOOD,-100,50.2,5019.840344,2025-02-28;124418,-0.159656
DUE384799,HOOD,-100,50.2,5019.340344,2025-02-28;124418,-0.659656
DUE384799,HOOD,-200,50.19,10036.68074,2025-02-28;124418,-1.3192564
DUE384799,HOOD,-100,50.2,5019.340344,2025-02-28;124418,-0.659656
DUE384799,HIMS,-800,43.1,34474.88066,2025-02-28;130409,-5.119344
DUE384799,HIMS,100,43.1,-4311.0046,2025-02-28;130436,-1.0046
DUE384799,HIMS,100,43.1,-4310.0035,2025-02-28;130436,-0.0035
DUE384799,HIMS,100,43.1,-4311.0035,2025-02-28;130520,-1.0035
DUE384799,HIMS,100,43.09,-4310.0035,2025-02-28;130626,-1.0035
DUE384799,HIMS,100,43.09,-4309.0035,2025-02-28;130626,-0.0035
DUE384799,HIMS,200,43.09,-8619.007,2025-02-28;130627,-1.007
DUE384799,HIMS,100,43.09,-4309.5035,2025-02-28;130628,-0.5035
DUE384799,VNET,218,11.55,-2518.99763,2025-02-28;150053,-1.09763
DUE384799,VNET,100,11.55,-1155.5035,2025-02-28;150053,-0.5035
DUE384799,VNET,600,11.55,-6933.021,2025-02-28;150053,-3.021
DUE384799,VNET,1100,11.55,-12710.5385,2025-02-28;150053,-5.5385
DUE384799,VNET,150,11.55,-1733.25525,2025-02-28;150053,-0.75525
DUE384799,VNET,32,11.55,-369.76112,2025-02-28;150055,-0.16112
DUE384799,VNET,-800,11.54,9227.58255,2025-02-28;151529,-4.4174496
DUE384799,VNET,-100,11.54,1153.447819,2025-02-28;151529,-0.5521812
DUE384799,VNET,-1000,11.54,11534.47819,2025-02-28;151529,-5.521812
DUE384799,VNET,-100,11.54,1153.447819,2025-02-28;151529,-0.5521812
DUE384799,VNET,-49,11.54,565.1894312,2025-02-28;151529,-0.270568788
DUE384799,VNET,-100,11.54,1153.447819,2025-02-28;151529,-0.5521812
DUE384799,VNET,-51,11.54,588.2583876,2025-02-28;151531,-0.281612412
DUE384799,HIMS,400,42.5,-17002.014,2025-03-03;120348,-2.014
DUE384799,HIMS,300,42.5,-12751.5105,2025-03-03;120348,-1.5105
DUE384799,HIMS,-100,42.28,4226.862362,2025-03-03;120959,-1.1376384
DUE384799,HIMS,-100,42.29,4228.862334,2025-03-03;120959,-0.1376662
DUE384799,HIMS,-100,42.28,4227.362362,2025-03-03;120959,-0.6376384
DUE384799,HIMS,-100,42.28,4227.362362,2025-03-03;120959,-0.6376384
DUE384799,HIMS,-300,42.28,12682.08708,2025-03-03;120959,-1.9129152